Key,Japanese,English,Chinese,Korean,French,German,Spanish
common.appName,Voice2Minutes,Voice2Minutes,Voice2Minutes,Voice2Minutes,Voice2Minutes,Voice2Minutes,Voice2Minutes
common.loading,読み込み中...,Loading...,加载中...,로드 중...,Chargement...,Laden...,Cargando...
common.error,エラー,Error,错误,오류,Erreur,Fehler,Error
common.success,成功,Success,成功,성공,Réussite,Erfolg,Aceptar
common.cancel,キャンセル,Cancel,取消,취소,Annuler,Abbrechen,Cancelar
common.save,保存,Save,保存,저장,Enregistrer,Speichern,Guardar
common.saveChanges,変更を保存,Save changes,保存更改,변경 사항 저장,Enregistrer les modifications,Änderungen speichern,Guardar cambios
common.copy,テキストをコピー,Copy text,复制文本,텍스트 복사,Copier le texte,Text kopieren,Copiar texto
common.export,Wordにエクスポート,Export to Word,导出到Word,Word로 내보내기,Exporter vers Word,In Word exportieren,Exportar a Word
common.clear,現在の記録をクリア,Clear current record,清除当前记录,현재 기록 지우기,Effacer l'enregistrement actuel,Aktuellen Datensatz löschen,Borrar registro actual
common.start,開始,Start,开始,시작,Démarrer,Start,Iniciar
common.stop,停止,Stop,停止,중지,Arrêter,Stopp,Detener
common.upload,アップロード,Upload,上传,업로드,Télécharger,Hochladen,Subir
common.download,ダウンロード,Download,下载,다운로드,Télécharger,Herunterladen,Descargar
common.timeUnits.hours,時間,Hours,小时,시간,Heures,Stunden,Horas
common.timeUnits.minutes,分,Minutes,分钟,분,Minutes,Minuten,Minutos
common.timeUnits.seconds,秒,Seconds,秒,초,Secondes,Sekunden,Segundos
common.timeUnits.hour,時間,Hours,小时,시간,Heures,Stunden,Horas
common.timeUnits.minute,分,Minutes,分钟,분,Minutes,Minuten,Minutos
common.timeUnits.second,秒,Seconds,秒,초,Secondes,Sekunden,Segundos
navigation.audioToText,音声文字起こし,Voice transcription,语音转录,음성 전사,Transcription vocale,Sprach-Transkription,Transcripción de voz
navigation.meetingMinutes,会議議事録,Meeting minutes,会议记录,회의록,Compte rendu de réunion,Besprechungsprotokoll,Actas de reuniones
navigation.usage,使用量統計,Usage statistics,使用统计,사용 통계,Statistiques d'utilisation,Nutzungsstatistik,Estadísticas de uso
navigation.pricing,料金,Fees,费用,수수료,Frais,Gebühren,Tarifas
navigation.myPage,マイページ,My Page,我的页面,내 페이지,Ma page,Meine Seite,Mi página
theme.light,ライトテーマ,Light theme,浅色主题,밝은 테마,Thème clair,Helles Design,Tema claro
theme.dark,ダークテーマ,Dark theme,深色主题,어두운 테마,Thème sombre,Dunkles Design,Tema oscuro
theme.system,システム設定,System settings,系统设置,시스템 설정,Paramètres système,Systemeinstellungen,Configuración del sistema
theme.toggleLabel,テーマ切り替え,Theme switching,主题切换,테마 변경,Changement de thème,Design wechseln,Cambio de tema
theme.current,現在のテーマ：{{theme}},Current theme: {{theme}},当前主题：{{theme}},현재 테마: {{theme}},Thème actuel : {{theme}},Aktuelles Design: {{theme}},Tema actual: {{theme}}
theme.currentlyUsing,現在使用中,Currently in use,当前使用中,현재 사용 중,Actuellement utilisé,Derzeit verwendet,Actualmente en uso
audioToText.title,音声文字起こし,Voice transcription,语音转录,음성 텍스트 변환,Transcription vocale,Sprach-Transkription,Transcripción de voz
audioToText.subtitle,音声録音を正確なテキスト文字起こしに変換します,Convert voice recordings into accurate text transcripts,将语音录音转换为准确的文本转录,음성 녹음을 정확한 텍스트로 변환합니다,Convertissez vos enregistrements vocaux en transcriptions textuelles précises,Wandeln Sie Sprachaufnahmen in präzise Texttranskripte um,Convierte grabaciones de voz en transcripciones de texto precisas
audioToText.uploadAudio,音声ファイルをアップロード,Upload voice file,上传语音文件,음성 파일 업로드,Télécharger un fichier vocal,Sprachdatei hochladen,Subir archivo de voz
audioToText.recordAudio,音声録音,Voice recording,语音录音,음성 녹음,Enregistrement vocal,Sprachaufnahme,Grabación de voz
audioToText.startTranscription,文字起こし開始,Start transcription,开始转录,변환 시작,Démarrer la transcription,Transkription starten,Iniciar transcripción
audioToText.taskCompleted,タスク完了！,Task complete!,任务完成！,작업 완료!,Tâche terminée !,Aufgabe abgeschlossen!,Tarea completada
audioToText.supportedFormats,対応形式：MP3、WAV、M4A、FLAC、OGG、MP4、MPEG、MPGA、WEBM,"Supported formats: MP3, WAV, M4A, FLAC, OGG, MP4, MPEG, MPGA, WEBM",支持格式：MP3、WAV、M4A、FLAC、OGG、MP4、MPEG、MPGA、WEBM,"지원 형식: MP3, WAV, M4A, FLAC, OGG, MP4, MPEG, MPGA, WEBM","Formats pris en charge : MP3, WAV, M4A, FLAC, OGG, MP4, MPEG, MPGA, WEBM","Unterstützte Formate: MP3, WAV, M4A, FLAC, OGG, MP4, MPEG, MPGA, WEBM","Formatos compatibles: MP3, WAV, M4A, FLAC, OGG, MP4, MPEG, MPGA, WEBM"
audioToText.recording,録音中...,Recording...,录音中...,녹음 중...,Enregistrement...,Aufnahme...,Grabando
audioToText.processing,音声を処理中...,Processing audio...,处理音频中...,오디오 처리 중...,Traitement audio...,Audio wird verarbeitet...,Procesando audio
audioToText.transcriptionComplete,文字起こしが正常に完了しました！,Transcription completed successfully!,转录成功完成！,변환이 성공적으로 완료되었습니다!,Transcription terminée avec succès !,Transkription erfolgreich abgeschlossen!,Transcripción completada con éxito
audioToText.error,文字起こし中にエラーが発生しました,An error occurred during transcription,转录过程中发生错误,전사 과정에서 오류가 발생했습니다,Une erreur s'est produite pendant la transcription,Bei der Transkription ist ein Fehler aufgetreten,Se ha producido un error durante la transcripción
audioToText.quickActions,クイックアクション,Quick Actions,快速操作,빠른 동작,Actions rapides,Schnellaktionen,Acciones rápidas
audioToText.fileUploaded,ファイルがアップロードされ、文字起こしの準備ができました,The file has been uploaded and is ready for transcription,文件已上传并准备好进行转录,파일이 업로드되었으며 전사 준비가 완료되었습니다,Le fichier a été téléchargé et est prêt pour la transcription,Die Datei wurde hochgeladen und kann transkribiert werden.,El archivo se ha subido y está listo para la transcripción
audioToText.usageInstructions,使用方法,How to use,如何使用,사용 방법,Comment utiliser,So,Cómo
audioToText.instructions.step1,音声ファイルをアップロードするか、ブラウザで直接録音してください,Upload an audio file or record directly in your browser,上传音频文件或直接在浏览器中录音,오디오 파일을 업로드하거나 브라우저에서 직접 녹음하세요,Téléchargez un fichier audio ou enregistrez directement dans votre navigateur,Laden Sie eine Audiodatei hoch oder nehmen Sie direkt in Ihrem Browser auf.,Sube un archivo de audio o graba directamente en tu navegador
audioToText.instructions.step2,「文字起こしを開始」をクリックして音声をテキストに変換します,Click “Start Transcription” to convert the audio to text,点击“开始转录”将音频转换为文本,“전사 시작”을 클릭하여 오디오를 텍스트로 변환하세요,Cliquez sur « Démarrer la transcription » pour convertir l'audio en texte,"Klicken Sie auf „Transkription starten“, um die Audiodatei in Text umzuwandeln.",Haz clic en «Iniciar transcripción» para convertir el audio en texto
audioToText.instructions.step3,文字起こし結果を確認してコピーしてください,Review the transcription results and copy them,查看转录结果并复制,전사 결과를 검토하고 복사하세요,Vérifiez les résultats de la transcription et copiez-les,Überprüfen Sie die Transkriptionsergebnisse und kopieren Sie sie.,Revisa los resultados de la transcripción y cópialos
audioToText.instructions.step4,文字起こし結果を確認し、必要に応じてエクスポートしてください,Review the transcription results and export them as needed,查看转录结果并按需导出,전사 결과를 검토하고 필요에 따라 수출하세요,Vérifiez les résultats de la transcription et exportez-les si nécessaire,Überprüfen Sie die Transkriptionsergebnisse und exportieren Sie sie nach Bedarf.,Revisa los resultados de la transcripción y expórtalos según sea necesario
audioToText.audioInputMethod,音声入力方式,Audio input method,音频输入方式,오디오 입력 방법,Méthode d'entrée audio,Audioeingabemethode,Método de entrada de audio
audioToText.dragDropText,クリックまたは音声ファイルをここにドラッグ,Click or drag an audio file here,点击或拖动音频文件至此,여기에 오디오 파일을 클릭하거나 드래그하세요,Cliquez ou faites glisser un fichier audio ici,Klicken Sie hier oder ziehen Sie eine Audiodatei hierher.,Haz clic o arrastra un archivo de audio aquí
audioToText.dragDropActiveText,ファイルをここにドロップ...,Drop your file here...,将文件拖放至此...,파일을 여기 드롭하세요...,Déposez votre fichier ici...,Legen Sie Ihre Datei hier ab...,Suelta tu archivo aquí...
audioToText.dividerOr,または,Or,或,또는,Ou,Oder,O
audioToText.liveRecording,リアルタイム録音,Real-time recording,实时录音,실시간 녹음,Enregistrement en temps réel,Echtzeit-Aufnahme,Grabación en tiempo real
audioToText.speaker,話者,Speaker,发言者,연사,Orateur,Sprecher,Locutor
audioToText.paymentNotice,支払いについて,Payment,支付,결제,Paiement,Zahlung,Pago
audioToText.fileProcessingError,音声ファイルの処理エラー,Audio file processing error,音频文件处理错误,오디오 파일 처리 오류,Erreur de traitement du fichier audio,Fehler bei der Verarbeitung der Audiodatei,Error al procesar el archivo de audio
audioToText.fileTruncated,使用制限により、ファイルは{{minutes}}分にカットされました,"Due to usage restrictions, the file has been cut to {{minutes}} minutes.",由于使用限制，文件已被截取为{{分钟}}分钟。,사용 제한으로 인해 파일이 {{분}} 분으로 잘렸습니다.,"En raison de restrictions d'utilisation, le fichier a été coupé à {{minutes}} minutes.",Aufgrund von Nutzungsbeschränkungen wurde die Datei auf {{Minuten}} Minuten gekürzt.,"Debido a restricciones de uso, el archivo se ha recortado a {{minutos}} minutos."
audioToText.quotaLowWarning,使用可能な時間がわずかです,Only a limited amount of time is available.,仅有有限时间可用。,사용 가능한 시간이 제한되어 있습니다.,Seul un temps limité est disponible.,Es steht nur eine begrenzte Zeit zur Verfügung.,Solo hay un tiempo limitado disponible.
audioToText.usageLimitReached,使用時間の制限に達しました！,You have reached your usage limit!,您已达到使用限制！,사용 한도를 초과하셨습니다!,Vous avez atteint votre limite d'utilisation !,Sie haben Ihr Nutzungslimit erreicht!,¡Has alcanzado tu límite de uso!
audioToText.guestModeSubtitle,ゲストモード - 音声文字起こし体験,Guest mode - Audio transcription experience,访客模式 - 音频转录体验,게스트 모드 - 오디오 트랜스크립션 경험,Mode invité - Expérience de transcription audio,Gastmodus – Audio-Transkriptionserfahrung,Modo invitado: experiencia de transcripción de audio
audioToText.remainingTime,残り時間: {{minutes}},Time remaining: {{minutes}},剩余时间: {{minutes}},남은 시간: {{분}},Temps restant : {{minutes}},Verbleibende Zeit: {{Minuten}},Tiempo restante: {{minutos}}
audioToText.outputPlaceholder,文字起こし結果がここに表示されます...\n\n📝 利用可能な機能:\n• 音声ファイルのアップロード\n• リアルタイム音声録音\n• 文字起こしテキストのコピー\n• Word文書へのエクスポート,Transcription results will be displayed here...\n\n📝 Available features:\n• Audio file upload\n• Real-time audio recording\n• Copy transcription text\n• Export to Word document,文字转录结果将在此处显示...\n\n📝 可用功能:\n• 音频文件上传\n• 实时音频录音\n• 文字转录文本复制\n• 导出到Word文档,전사 결과가 여기 표시됩니다...\n\n📝 사용 가능한 기능:\n• 오디오 파일 업로드\n• 실시간 오디오 녹음\n• 전사 텍스트 복사\n• 워드 문서로 내보내기,Les résultats de la transcription s'afficheront ici...\n\n📝 Fonctionnalités disponibles :\n• Téléchargement de fichiers audio\n• Enregistrement audio en temps réel\n• Copier le texte de la transcription\n• Exporter vers un document Word,Die Transkriptionsergebnisse werden hier angezeigt...\n\n📝 Verfügbare Funktionen:\n• Audio-Datei hochladen\n• Audio-Aufnahme in Echtzeit\n• Transkriptions-Text kopieren\n• In Word-Dokument exportieren,Los resultados de la transcripción se mostrarán aquí...\n\n📝 Funciones disponibles:\n• Carga de archivos de audio\n• Grabación de audio en tiempo real\n• Copiar texto de la transcripción\n• Exportar a documento de Word
audioToText.microphoneError,マイクにアクセスできません。権限を確認してください。,Microphone access denied. Please check your permissions.,无法访问麦克风。请确认权限。,마이크 액세스 거부되었습니다. 권한을 확인해 주세요.,Accès au microphone refusé. Veuillez vérifier vos autorisations.,Mikrofonzugriff verweigert. Bitte überprüfen Sie Ihre Berechtigungen.,Acceso al micrófono denegado. Compruebe sus permisos.
audioToText.noRecordingData,録音データがありません。まず音声を録音してください,No recording data available. Please record audio first.,没有录音数据。请先录制音频,녹음 데이터가 없습니다. 먼저 오디오를 녹음해 주세요.,Aucune donnée d'enregistrement disponible. Veuillez d'abord enregistrer l'audio.,Keine Aufnahmedaten verfügbar. Bitte nehmen Sie zuerst Audio auf.,No hay datos de grabación disponibles. Grabe el audio primero.
audioToText.recordingAutoStopped,録音が自動的に停止されました,Recording has been automatically stopped.,录音已自动停止,녹음이 자동으로 중단되었습니다.,L'enregistrement a été automatiquement arrêté.,Die Aufnahme wurde automatisch beendet.,La grabación se ha detenido automáticamente.
audioToText.quotaExhaustedMessage,あなたの利用枠が尽きました。録音時間: {{minutes}} 分,Your usage quota has been exhausted. Recording time: {{minutes}} minutes,您的使用额度已用尽。录音时间: {{minutes}} 分钟,사용량 할당량이 소진되었습니다. 녹음 시간: {{minutes}} 분,Votre quota d'utilisation est épuisé. Durée d'enregistrement : {{minutes}} minutes,Ihr Nutzungskontingent ist aufgebraucht. Aufnahmezeit: {{minutes}} Minuten,Ha agotado su cuota de uso. Tiempo de grabación: {{minutes}} minutos
audioToText.singleRecordingLimitMessage,一回の録音が10分の技術的上限に達しました。録音時間: {{minutes}} 分,The technical limit of 10 minutes per recording has been reached. Recording time: {{minutes}} minutes,单次录音已达到10分钟的技术上限。录音时间: {{minutes}} 分钟,녹음당 10분의 기술적 한도가 초과되었습니다. 녹음 시간: {{minutes}} 분,La limite technique de 10 minutes par enregistrement a été atteinte. Durée d'enregistrement : {{minutes}} minutes,Die technische Begrenzung von 10 Minuten pro Aufnahme wurde erreicht. Aufnahmezeit: {{minutes}} Minuten,Se ha alcanzado el límite técnico de 10 minutos por grabación. Tiempo de grabación: {{minutes}} minutos
audioToText.transcriptionTip,この録音を文字起こしするか、新しい録音を開始できます。文字起こしは残りの利用枠に応じて処理されます。,You can transcribe this recording or start a new recording. Transcription will be processed according to the remaining usage quota.,您可以对本次录音进行文字转录，或开始新的录音。文字转录将根据剩余使用额度进行处理。,이 녹음을 전사하거나 새로운 녹음을 시작할 수 있습니다. 전사는 남은 사용량 할당량에 따라 처리됩니다.,Vous pouvez transcrire cet enregistrement ou commencer un nouvel enregistrement. La transcription sera traitée en fonction du quota d'utilisation restant.,Sie können diese Aufnahme transkribieren oder eine neue Aufnahme starten. Die Transkription wird entsprechend dem verbleibenden Nutzungskontingent verarbeitet.,Puedes transcribir esta grabación o iniciar una nueva. La transcripción se procesará según la cuota de uso restante.
audioToText.completeRecording,録音完了,Recording complete,录音完成,녹음 완료,Enregistrement terminé,Aufnahme abgeschlossen,Grabación completada
audioToText.continueRecording,録音継続,Continue recording,继续录音,녹음 계속,Continuer l'enregistrement,Aufnahme fortsetzen,Continuar grabando
audioToText.reRecord,再録音,Re-record,重新录音,재녹음,Réenregistrer,Neu aufnehmen,Volver a grabar
audioToText.guestUser,ゲストユーザー,Guest user,访客用户,게스트 사용자,Utilisateur invité,Gastbenutzer,Usuario invitado
audioToText.trialUser,試用ユーザー,Trial user,试用用户,트라이얼 사용자,Utilisateur en essai,Testbenutzer,Usuario de prueba
audioToText.paidUser,有料ユーザー,Paid user,付费用户,유료 사용자,Utilisateur payant,Bezahlter Benutzer,Usuario de pago
audioToText.adminUser,管理者,Administrator,管理员,관리자,Administrateur,Administrator,Administrador
audioToText.unknownUser,不明,Unknown,未知,알 수 없음,Inconnu,Unbekannt,Desconocido
audioToText.totalQuotaRemaining,総利用枠残り,Total remaining usage quota,总使用配额剩余,총 남은 사용량 할당량,Quota d'utilisation total restant,Gesamte verbleibende Nutzungsquote,Cuota de uso total restante
audioToText.currentRecording,現在の録音,Current recording,当前录音,현재 녹음,Enregistrement en cours,Aktuelle Aufnahme,Grabación actual
audioToText.userType,ユーザータイプ,User type,用户类型,사용자 유형,Type d'utilisateur,Benutzertyp,Tipo de usuario
audioToText.totalQuota,総利用枠,Total usage quota,总使用配额,총 사용량 할당량,Quota d'utilisation total,Gesamte Nutzungsquote,Cuota de uso total
audioToText.audioDurationWarning,📋 お知らせ：音声時間は{{duration}}分、残り利用枠は{{remaining}}分です。文字起こし時に自動的に切り詰められます。,"📋 Notice: Audio time is {{duration}} minutes, remaining usage quota is {{remaining}} minutes. It will be automatically truncated during transcription.",📋 通知：语音时长为{{duration}}分钟，剩余使用配额为{{remaining}}分钟。转录时将自动截短。,"📋 공지: 오디오 재생 시간은 {{duration}} 분이며, 남은 사용 한도는 {{remaining}} 분입니다. 트랜스크립션 과정에서 자동으로 잘릴 수 있습니다.","📋 Remarque : la durée audio est de {{duration}} minutes, le quota d'utilisation restant est de {{remaining}} minutes. Il sera automatiquement tronqué pendant la transcription.","📋 Hinweis: Die Audiozeit beträgt {{duration}} Minuten, die verbleibende Nutzungsquote beträgt {{remaining}} Minuten. Sie wird während der Transkription automatisch gekürzt.","📋 Aviso: El tiempo de audio es de {{duración}} minutos, la cuota de uso restante es de {{restante}} minutos. Se truncarán automáticamente durante la transcripción."
audioToText.guestTrialComplete,🎉 ゲスト体験が終了しました！アカウント登録で10分間の試用と全機能の体験が可能です。,🎉 Your guest experience has ended! Register for an account to enjoy a 10-minute trial and experience all features.,🎉 访客体验已结束！注册账户即可享受10分钟试用及全部功能体验。,🎉 게스트 경험이 종료되었습니다! 계정을 등록하시면 10분 무료 체험을 즐기시고 모든 기능을 경험해 보세요.,🎉 Votre expérience en tant qu'invité est terminée ! Créez un compte pour profiter d'un essai de 10 minutes et découvrir toutes les fonctionnalités.,"🎉 Ihre Gastnutzung ist beendet! Registrieren Sie sich für ein Konto, um eine 10-minütige Testversion zu nutzen und alle Funktionen zu erleben.",🎉 ¡Tu experiencia como invitado ha finalizado! Regístrate para obtener una cuenta y disfrutar de una prueba de 10 minutos y experimentar todas las funciones.
audioToText.unauthenticated,未認証,Unverified,未认证,미확인,Non vérifié,Nicht,Sin verificar
audioToText.guestQuotaReachedTitle,⏰ ご利用上限に達しましたので、録音を自動停止しました。,⏰ Recording has been automatically stopped because you have reached your usage limit.,⏰ 已达到使用上限，录音已自动停止。,⏰ 사용 한도를 초과하여 녹음이 자동으로 중단되었습니다.,⏰ L'enregistrement a été automatiquement arrêté car vous avez atteint votre limite d'utilisation.,"⏰ Die Aufnahme wurde automatisch beendet, da Sie Ihr Nutzungslimit erreicht haben.",⏰ La grabación se ha detenido automáticamente porque has alcanzado tu límite de uso.
audioToText.trialComplete,🎉 試用期間が終了しました！より多くの時間を購入して、すべての機能をご利用ください。,🎉 Your trial period has ended! Purchase more time to use all features.,🎉 试用期已结束！购买更多时间以使用全部功能。,🎉 체험 기간이 종료되었습니다! 모든 기능을 사용하려면 추가 시간을 구매하세요.,🎉 Votre période d'essai est terminée ! Achetez plus de temps pour utiliser toutes les fonctionnalités.,"🎉 Ihre Testphase ist abgelaufen! Kaufen Sie mehr Zeit, um alle Funktionen nutzen zu können.",🎉 ¡Tu periodo de prueba ha finalizado! Compre más tiempo para utilizar todas las funciones.
audioToText.guestQuotaExhausted,⚠️ 体験時間が終了し、文字起こしができません。登録してより多くの時間を取得してください。,"⚠️ The trial period has ended, and transcription is not possible. Register to get more time.",⚠️ 体验时间已结束，无法进行文字转录。请注册以获取更多时间。,⚠️ 체험 기간이 종료되어 텍스트 변환이 불가능합니다. 추가 시간을 얻으려면 등록하세요.,⚠️ La période d'essai est terminée et la transcription n'est pas possible. Inscrivez-vous pour obtenir plus de temps.,"⚠️ Die Testphase ist abgelaufen und eine Transkription ist nicht möglich. Registrieren Sie sich, um mehr Zeit zu erhalten.",⚠️ El periodo de prueba ha finalizado y no es posible realizar transcripciones. Regístrese para obtener más tiempo.
audioToText.quotaExhaustedGeneral,⚠️ 利用枠が終了し、文字起こしができません。より多くの時間を購入してください。,"⚠️ Your usage quota has ended, and transcription is not possible. Purchase more time.",⚠️ 使用额度已用尽，无法进行文字转录。请购买更多时间。,⚠️ 사용 한도가 종료되어 텍스트 변환이 불가능합니다. 추가 시간을 구매하세요.,⚠️ Votre quota d'utilisation est épuisé et la transcription n'est pas possible. Achetez plus de temps.,⚠️ Ihr Nutzungslimit ist erreicht und eine Transkription ist nicht möglich. Kaufen Sie mehr Zeit.,⚠️ Su cuota de uso ha finalizado y no es posible realizar transcripciones. Compre más tiempo.
audioToText.audioDuration,音声時間,Audio time,音频时长,오디오 시간,Durée audio,Audiozeit,Duración del audio
audioToText.adminMode,管理者モード: 無制限,Administrator mode: Unlimited,管理员模式：无限制,관리자 모드: 무제한,Mode administrateur : illimité,Administratormodus: Unbegrenzt,Modo administrador: ilimitado
audioToText.fileDurationExceedsQuota,ファイル長 {{fileDuration}} が残り時間 {{remainingTime}} を超過しているため、このファイルをアップロードできません。,"The file length {{fileDuration}} exceeds the remaining time {{remainingTime}}, so this file cannot be uploaded.",文件时长 {{fileDuration}} 超出剩余时间 {{remainingTime}}，因此无法上传此文件。,파일 길이 {{fileDuration}}이 남은 시간 {{remainingTime}}을 초과하여 이 파일을 업로드할 수 없습니다.,"La durée du fichier {{fileDuration}} dépasse le temps restant {{remainingTime}}, ce fichier ne peut donc pas être téléchargé.","Die Dateilänge {{fileDuration}} überschreitet die verbleibende Zeit {{remainingTime}}, daher kann diese Datei nicht hochgeladen werden.","La duración del archivo {{fileDuration}} supera el tiempo restante {{remainingTime}}, por lo que no se puede cargar este archivo."
audioToText.fileDurationDetectionFailed,音声ファイルの長さを検出できません。ファイル形式が正しいかご確認ください。,The audio file length cannot be detected. Please check that the file format is correct.,无法检测音频文件时长。请确认文件格式是否正确。,오디오 파일 길이를 감지할 수 없습니다. 파일 형식이 올바른지 확인해 주세요.,La durée du fichier audio ne peut pas être détectée. Veuillez vérifier que le format du fichier est correct.,"Die Länge der Audiodatei kann nicht ermittelt werden. Bitte überprüfen Sie, ob das Dateiformat korrekt ist.",No se puede detectar la duración del archivo de audio. Comprueba que el formato del archivo sea correcto.
audioToText.audioProcessingFailed,音声形式の処理に失敗しました。再録音してください,Audio format processing failed. Please re-record.,音频格式处理失败。请重新录音,오디오 형식 처리 실패. 다시 녹음해 주세요.,Échec du traitement du format audio. Veuillez réenregistrer.,Die Verarbeitung des Audioformats ist fehlgeschlagen. Bitte nehmen Sie die Aufnahme erneut auf.,Error al procesar el formato de audio. Vuelve a grabar.
audioToText.audioDurationDetectionFailed,音声の長さを取得できません。ファイル形式が正しいかご確認ください,The audio length cannot be obtained. Please check that the file format is correct.,无法获取音频长度。请确认文件格式是否正确,오디오 길이를 얻을 수 없습니다. 파일 형식이 올바른지 확인해 주세요.,La durée audio ne peut pas être obtenue. Veuillez vérifier que le format du fichier est correct.,"Die Audiodauer kann nicht ermittelt werden. Bitte überprüfen Sie, ob das Dateiformat korrekt ist.",No se puede obtener la duración del audio. Comprueba que el formato del archivo sea correcto.
audioToText.transcriptionProcessingError,文字起こし処理中に不明なエラーが発生しました,An unknown error occurred during transcription processing.,转录处理中发生未知错误,전사 처리 중 알려지지 않은 오류가 발생했습니다.,Une erreur inconnue s'est produite pendant le traitement de la transcription.,Während der Transkriptionsverarbeitung ist ein unbekannter Fehler aufgetreten.,Se ha producido un error desconocido durante el procesamiento de la transcripción.
audioToText.largeFileProcessingNotice,大きなファイルをセグメント処理しています。数分かかる場合があります...,Processing large files in segments. This may take several minutes...,正在对大型文件进行分段处理。可能需要几分钟时间...,대용량 파일을 세그먼트로 처리 중입니다. 이 과정은 몇 분이 소요될 수 있습니다...,Traitement de fichiers volumineux par segments. Cela peut prendre plusieurs minutes...,Große Dateien werden in Segmenten verarbeitet. Dies kann einige Minuten dauern...,Se están procesando archivos grandes por segmentos. Esto puede tardar varios minutos...
audioToText.browserAudioNotSupported,お使いのブラウザは音声処理 (AudioContext) をサポートしていません,Your browser does not support audio processing (AudioContext).,您使用的浏览器不支持音频处理 (AudioContext),브라우저가 오디오 처리(AudioContext)를 지원하지 않습니다.,Votre navigateur ne prend pas en charge le traitement audio (AudioContext).,Ihr Browser unterstützt keine Audioverarbeitung (AudioContext).,Tu navegador no admite el procesamiento de audio (AudioContext).
audioToText.fileExceedsQuotaWarning,注意：このファイルは {{fileDuration}} を消費し、残り時間制限に近づいています。,Note: This file consumes {{fileDuration}} and is approaching the remaining time limit.,注意：此文件已消耗 {{fileDuration}}，即将达到剩余时间限制。,참고: 이 파일은 {{fileDuration}}을 소비하며 남은 시간 한도에 접근하고 있습니다.,Remarque : ce fichier consomme {{fileDuration}} et approche la limite de temps restante.,Hinweis: Diese Datei verbraucht {{fileDuration}} und nähert sich dem Zeitlimit.,Nota: Este archivo consume {{fileDuration}} y se está acercando al límite de tiempo restante.
audioToText.browserMediaRecorderNotSupported,お使いのブラウザはメディア録画 (MediaRecorder) をサポートしていません,Your browser does not support media recording (MediaRecorder).,您的浏览器不支持媒体录制（MediaRecorder）,브라우저가 미디어 녹화(MediaRecorder)를 지원하지 않습니다.,Votre navigateur ne prend pas en charge l'enregistrement multimédia (MediaRecorder).,Ihr Browser unterstützt keine Medienaufzeichnung (MediaRecorder).,Su navegador no admite la grabación de medios (MediaRecorder).
audioToText.browserGetUserMediaNotSupported,お使いのブラウザはメディアデバイスアクセス (getUserMedia) をサポートしていません,Your browser does not support media device access (getUserMedia).,您的浏览器不支持媒体设备访问（getUserMedia）,브라우저가 미디어 장치 액세스(getUserMedia)를 지원하지 않습니다.,Votre navigateur ne prend pas en charge l'accès aux périphériques multimédias (getUserMedia).,Ihr Browser unterstützt keinen Zugriff auf Mediengeräte (getUserMedia).,Su navegador no admite el acceso a dispositivos multimedia (getUserMedia).
audioToText.recordingDataEmpty,録音データが空です。再録音してください,The recording data is empty. Please re-record.,录音数据为空。请重新录音,녹음 데이터가 비어 있습니다. 다시 녹음해 주세요.,Les données d'enregistrement sont vides. Veuillez réenregistrer.,Die Aufnahmedaten sind leer. Bitte nehmen Sie die Aufnahme erneut auf.,Los datos de la grabación están vacíos. Vuelva a grabar.
meetingMinutes.title,会議議事録生成,Meeting Minutes Generation,会议记录生成,회의록 생성,Génération du compte rendu de réunion,Erstellung von Besprechungsprotokollen,Generación de actas de reuniones
meetingMinutes.subtitle,AIを用いて構造化された会議議事録を生成,Generate structured meeting minutes using AI,使用AI生成结构化会议记录,AI를 사용하여 구조화된 회의록 생성,Générez un compte rendu de réunion structuré à l'aide de l'IA,Erstellen Sie strukturierte Besprechungsprotokolle mit KI,Genere actas de reuniones estructuradas utilizando IA
meetingMinutes.sourceReady,原文準備完了,Original text ready,原文准备完成,원본 텍스트 준비 완료,Texte original prêt,Originaltext bereit,Texto original listo
meetingMinutes.templateConfiguration,テンプレート設定,Template settings,模板设置,템플릿 설정,Paramètres du modèle,Vorlageneinstellungen,Configuración de la plantilla
meetingMinutes.standardTemplateDesc,事前設定された会議議事録テンプレートを使用,Use a pre-set meeting minutes template,使用预设的会议记录模板,사전 설정된 회의록 템플릿 사용,Utilisez un modèle de compte rendu de réunion prédéfini,Verwenden Sie eine voreingestellte Vorlage für Besprechungsprotokolle,Utilice una plantilla de actas de reuniones preestablecida
meetingMinutes.customTemplateDesc,会議議事録の構造と内容をカスタマイズ,Customize the structure and content of the meeting minutes,自定义会议记录的结构和内容,회의록의 구조와 내용을 맞춤 설정,Personnalisez la structure et le contenu du compte rendu de réunion,Passen Sie die Struktur und den Inhalt der Besprechungsprotokolle an,Personalice la estructura y el contenido de las actas de la reunión
meetingMinutes.noSummaryYet,生成された会議議事録がここに表示されます,The generated meeting minutes will be displayed here,生成的会议记录将在此处显示,생성된 회의록은 여기에서 표시됩니다,Le compte rendu de réunion généré s'affichera ici,Die erstellten Besprechungsprotokolle werden hier angezeigt,Las actas de la reunión generadas se mostrarán aquí
meetingMinutes.generatePrompt,テンプレートを設定して【要約開始】をクリックしましょう,Set the template and click “Start Summary”,设置模板后点击【开始摘要】,템플릿을 설정하고 [요약 시작]을 클릭하세요,Définissez le modèle et cliquez sur « Démarrer le résumé »,Legen Sie die Vorlage fest und klicken Sie auf „Zusammenfassung starten“,Establezca la plantilla y haga clic en «Iniciar resumen»
meetingMinutes.resultPlaceholder,生成された会議議事録がここに表示されます...\n\nテンプレートを設定して【要約開始】をクリックしましょう\n\n📝 利用可能な機能:\n• テンプレート設定\n• AI議事録自動生成\n• テキスト編集・コピー\n• Word文書エクスポート,The generated meeting minutes will be displayed here...\n\nSet the template and click [Start Summary]\n\n📝 Available features:\n• Template settings\n• AI automatic minute generation\n• Text editing and copying\n• Word document export,生成的会议记录将在此处显示...\n\n设置模板后点击【开始摘要】\n\n📝 可用功能：\n• 模板设置\n• AI会议记录自动生成\n• 文本编辑与复制\n• Word文档导出,생성된 회의록이 여기 표시됩니다...\n\n템플릿을 설정하고 [요약 시작]을 클릭하세요\n\n📝 사용 가능한 기능:\n• 템플릿 설정\n• AI 자동 회의록 생성\n• 텍스트 편집 및 복사\n• 워드 문서 수출,Le compte rendu généré s'affichera ici...\n\nDéfinissez le modèle et cliquez sur [Démarrer le résumé]\n\n📝 Fonctionnalités disponibles :\n• Paramètres du modèle\n• Génération automatique du compte rendu par IA\n• Modification et copie du texte\n• Exportation vers un document Word,Das erstellte Protokoll wird hier angezeigt...\n\nLegen Sie die Vorlage fest und klicken Sie auf [Zusammenfassung starten]\n\n📝 Verfügbare Funktionen:\n• Vorlageneinstellungen\n• Automatische Protokollerstellung per KI\n• Textbearbeitung und -kopieren\n• Export als Word-Dokument,Las actas de la reunión generadas se mostrarán aquí...\n\nEstablezca la plantilla y haga clic en [Iniciar resumen]\n\n📝 Funciones disponibles:\n• Configuración de la plantilla\n• Generación automática de actas mediante IA\n• Edición y copia de texto\n• Exportación a documento de Word
meetingMinutes.originalText,原文,Original text,原文,원본 텍스트,Texte original,Originaltext,Texto original
meetingMinutes.textLoaded,原文が読み込まれました,Original text has been loaded,原文已加载,원본 텍스트가 로드되었습니다,Le texte original a été chargé,Der Originaltext wurde geladen,Se ha cargado el texto original
meetingMinutes.noTranscriptionText,文字起こしテキストがありません,No transcription text available,没有文字转录文本,전사 텍스트가 없습니다,Aucun texte de transcription disponible,Kein Transkriptionstext verfügbar,No hay texto transcrito disponible
meetingMinutes.pleaseCompleteTranscription,まず音声文字起こし機能ページで原文を生成してください！,"First, generate the original text on the voice transcription feature page!",请先在语音转录功能页面生成原文！,먼저 음성 전사 기능 페이지에서 원본 텍스트를 생성하세요!,Commencez par générer le texte original sur la page des fonctionnalités de transcription vocale !,Erstellen Sie zunächst den Originaltext auf der Seite mit der Sprach-Transkriptionsfunktion!,"¡Primero, genere el texto original en la página de la función de transcripción de voz!"
meetingMinutes.templateSelection,テンプレート選択,Template selection,模板选择,템플릿 선택,Sélection du modèle,Vorlagenauswahl,Selección de plantilla
meetingMinutes.standardTemplate,標準テンプレート,Standard template,标准模板,표준 템플릿,Modèle standard,Standardvorlage,Plantilla estándar
meetingMinutes.customTemplate,カスタムテンプレート,Custom template,自定义模板,맞춤형 템플릿,Modèle personnalisé,Benutzerdefinierte Vorlage,Plantilla personalizada
meetingMinutes.outlinePreview,アウトラインプレビュー,Outline preview,大纲预览,개요 미리보기,Aperçu du plan,Vorschau der Gliederung,Vista previa del esquema
meetingMinutes.editOutline,アウトライン編集,Outline editing,大纲编辑,개요 편집,Modification du plan,Gliederung bearbeiten,Edición del esquema
meetingMinutes.outlineItemPlaceholder,アウトライン項目を入力,Enter outline items,输入大纲项目,개요 항목 입력,Saisir les éléments du plan,Gliederungspunkte eingeben,Introducir elementos del esquema
meetingMinutes.addOutlineItem,アウトライン項目を追加,Add outline items,添加大纲项目,개요 항목 추가,Ajouter des éléments au plan,Gliederungspunkte hinzufügen,Añadir elementos del esquema
meetingMinutes.emptyOutlineItem,（空の項目）,(Empty items),（空项目）,(빈 항목),(Éléments vides),(Leere Punkte),(Elementos vacíos)
meetingMinutes.generatedSummary,生成された会議議事録,Generated meeting minutes,生成的会议记录,생성된 회의록,Compte rendu de réunion généré,Erstelltes Protokoll,Actas de la reunión generadas
meetingMinutes.summaryGenerated,会議議事録が生成されました,Meeting minutes have been generated,会议记录已生成,회의록이 생성되었습니다,Le compte rendu de réunion a été généré,Das Protokoll wurde erstellt,Se han generado las actas de la reunión
meetingMinutes.summaryPlaceholder,会議議事録がここに表示されます,The meeting minutes will be displayed here,会议记录将在此处显示,회의록이 여기 표시됩니다,Le compte rendu de réunion s'affichera ici,Das Protokoll wird hier angezeigt,Las actas de la reunión se mostrarán aquí
meetingMinutes.editSummaryPlaceholder,会議議事録の内容を編集してください,Edit the contents of the meeting minutes,请编辑会议记录的内容,회의록 내용을 편집하세요,Modifier le contenu du compte rendu de réunion,Bearbeiten Sie den Inhalt des Protokolls,Editar el contenido de las actas de la reunión
meetingMinutes.startGeneration,要約開始,Start summarizing,摘要开始,요약 시작,Commencer le résumé,Zusammenfassung starten,Empezar a resumir
meetingMinutes.generating,会議議事録を生成中...,Generating meeting minutes...,正在生成会议记录...,회의록 생성 중...,Génération du compte rendu de réunion...,Protokoll wird erstellt...,Generando las actas de la reunión...
meetingMinutes.generateError,会議議事録の生成に失敗しました。再試行してください,Failed to generate meeting minutes. Please try again.,会议记录生成失败。请重新尝试,회의록 생성에 실패했습니다. 다시 시도해 주세요.,Échec de la génération du compte rendu de réunion. Veuillez réessayer.,Die Besprechungsprotokolle konnten nicht generiert werden. Bitte versuchen Sie es erneut.,No se han podido generar las actas de la reunión. Inténtelo de nuevo.
meetingMinutes.editText,テキスト編集,Text Editing,文本编辑,텍스트 편집,Modification du texte,Textbearbeitung,Edición de texto
meetingMinutes.noTextWarning,まず音声文字起こし機能ページで原文を生成してください！,"First, generate the original text on the speech-to-text feature page!",请先在语音转文字功能页面生成原文！,먼저 음성 텍스트 변환 기능 페이지에서 원본 텍스트를 생성하세요!,Commencez par générer le texte original sur la page de la fonctionnalité de reconnaissance vocale !,Generieren Sie zunächst den Originaltext auf der Seite mit der Sprach-zu-Text-Funktion!,"En primer lugar, genere el texto original en la página de la función de conversión de voz a texto."
meetingMinutes.pleaseGoToAudioToText,会議議事録機能を使用する前に、音声文字起こし機能ページで文字起こしを完了し、原文を生成する必要があります。,"Before using the meeting minutes feature, you must complete the transcription on the speech-to-text feature page and generate the original text.",使用会议记录功能前，需先在语音转文字功能页面完成转文字并生成原文。,회의록 기능을 사용하기 전에 음성 텍스트 변환 기능 페이지에서 텍스트 변환을 완료하고 원본 텍스트를 생성해야 합니다.,"Avant d'utiliser la fonctionnalité de compte rendu de réunion, vous devez terminer la transcription sur la page de la fonctionnalité de reconnaissance vocale et générer le texte original.","Bevor Sie die Besprechungsprotokollfunktion verwenden können, müssen Sie die Transkription auf der Seite mit der Sprach-zu-Text-Funktion abschließen und den Originaltext generieren.","Antes de utilizar la función de actas de reuniones, debe completar la transcripción en la página de la función de conversión de voz a texto y generar el texto original."
meetingMinutes.goToAudioToText,音声文字起こしへ移動,Go to Speech-to-Text,跳转至语音转文字,음성 텍스트 변환으로 이동,Accéder à la reconnaissance vocale,Gehen Sie zu „Sprach-zu-Text“,Ir a Conversión de voz a texto
meetingMinutes.characters,文字,Text,文字,텍스트,Texte,Text,Texto
meetingMinutes.noOriginalText,原文がありません,No original text available,没有原文,원본 텍스트가 없습니다,Aucun texte original disponible,Kein Originaltext verfügbar,No hay texto original disponible
meetingMinutes.originalTextHint,まず音声文字起こしページで文字起こしを完了してください。原文が生成されると、ここに自動で同期されます。,"First, complete the transcription on the speech-to-text page. Once the original text is generated, it will be automatically synchronized here.",请先在语音转文字页面完成转文字操作。原文生成后将自动同步到此处。,먼저 음성 텍스트 변환 페이지에서 텍스트 변환을 완료하세요. 원본 텍스트가 생성되면 여기에서 자동으로 동기화됩니다.,"Commencez par terminer la transcription sur la page de reconnaissance vocale. Une fois le texte original généré, il sera automatiquement synchronisé ici.","Fertigstellen Sie zunächst die Transkription auf der Seite „Sprache in Text umwandeln“. Sobald der Originaltext generiert wurde, wird er automatisch hier synchronisiert.","En primer lugar, complete la transcripción en la página de conversión de voz a texto. Una vez generado el texto original, se sincronizará automáticamente aquí."
meetingMinutes.goToTranscription,文字起こしへ,Go to transcription,转文字,텍스트 변환으로 이동,Accéder à la transcription,Zur Transkription,Ir a transcripción
meetingMinutes.customTemplates,カスタムテンプレート,Custom template,自定义模板,맞춤형 템플릿,Modèle personnalisé,Benutzerdefinierte Vorlage,Plantilla personalizada
meetingMinutes.addTemplate,テンプレート追加,Add template,添加模板,템플릿 추가,Ajouter un modèle,Vorlage hinzufügen,Añadir plantilla
meetingMinutes.noCustomTemplates,カスタムテンプレートがありません,No custom templates,没有自定义模板,맞춤형 템플릿이 없습니다,Aucun modèle personnalisé,Keine benutzerdefinierten Vorlagen,No hay plantillas personalizadas
meetingMinutes.addTemplateHint,"\テンプレート追加\""をクリックして最初のテンプレートを作成""",Click “Add template” to create your first template.,点击“添加模板”创建第一个模板,“템플릿 추가”를 클릭하여 첫 번째 템플릿을 생성하세요.,Cliquez sur « Ajouter un modèle » pour créer votre premier modèle.,"Klicken Sie auf „Vorlage hinzufügen“, um Ihre erste Vorlage zu erstellen.",Haga clic en «Añadir plantilla» para crear su primera plantilla.
meetingMinutes.saveTemplate,テンプレート保存,Save template,保存模板,템플릿 저장,Enregistrer le modèle,Vorlage speichern,Guardar plantilla
meetingMinutes.templateName,テンプレート名：,Template name:,模板名称：,템플릿 이름:,Nom du modèle :,Name der Vorlage:,Nombre de la plantilla:
meetingMinutes.templateNamePlaceholder,テンプレート名を入力,Enter template name,输入模板名称,템플릿 이름을 입력하세요,Entrer le nom du modèle,Name der Vorlage eingeben,Introduzca el nombre de la plantilla
meetingMinutes.pleaseEnterTemplateName,テンプレート名を入力してください,Please enter the template name.,请输入模板名称,템플릿 이름을 입력해 주세요.,Veuillez entrer le nom du modèle.,Bitte geben Sie den Namen der Vorlage ein.,Introduzca el nombre de la plantilla.
meetingMinutes.confirmDeleteTemplate,このテンプレートを削除してもよろしいですか？,Are you sure you want to delete this template?,是否删除此模板？,이 템플릿을 삭제하시겠습니까?,Êtes-vous sûr de vouloir supprimer ce modèle ?,Möchten Sie diese Vorlage wirklich löschen?,¿Está seguro de que desea eliminar esta plantilla?
meetingMinutes.standardOutline.meetingTopic,会議主題,Meeting subject,会议主题,회의 주제,Objet de la réunion,Betreff der Besprechung,Asunto de la reunión
meetingMinutes.standardOutline.date,日付,Date,日期,날짜,Date,Datum,Fecha
meetingMinutes.standardOutline.participants,参加者,Participants,参与者,참석자,Participants,Teilnehmer,Participantes
meetingMinutes.standardOutline.agendaItems,議題,Agenda,议题,일정,Ordre du jour,Tagesordnung,Orden del día
meetingMinutes.standardOutline.decisionsMade,決定事項,Decisions,决定事项,결정 사항,Décisions,Entscheidungen,Decisiones
meetingMinutes.standardOutline.todoAndSchedule,To-Do及びスケジュール,To-Do and Schedule,待办事项及日程,할 일 및 일정,Tâches et calendrier,Aufgaben und Zeitplan,Tareas pendientes y calendario
meetingMinutes.clearConfirmTitle,記録の消去確認,Confirm deletion of records,记录删除确认,기록 삭제 확인,Confirmer la suppression des enregistrements,Löschen der Datensätze bestätigen,Confirmar eliminación de registros
meetingMinutes.clearConfirmMessage,現在のすべての記録を消去しますか？この操作は取り消すことができません。,Do you want to delete all current records? This operation cannot be undone.,是否删除当前所有记录？此操作无法撤销。,현재 모든 기록을 삭제하시겠습니까? 이 작업은 되돌릴 수 없습니다.,Voulez-vous supprimer tous les enregistrements actuels ? Cette opération ne peut pas être annulée.,Möchten Sie alle aktuellen Datensätze löschen? Dieser Vorgang kann nicht rückgängig gemacht werden.,¿Desea eliminar todos los registros actuales? Esta operación no se puede deshacer.
meetingMinutes.confirmClear,消去確認,Confirm deletion,删除确认,삭제 확인,Confirmer la suppression,Löschen bestätigen,Confirmar eliminación
meetingMinutes.localStorageData,ローカルストレージデータ,Local storage data,本地存储数据,로컬 저장소 데이터,Données de stockage local,Lokale Speicherdaten,Datos almacenados localmente
meetingMinutes.clearError,記録の消去に失敗しました,Failed to delete records,记录删除失败,기록 삭제 실패,Échec de la suppression des enregistrements,Datensätze konnten nicht gelöscht werden,No se han podido eliminar los registros
meetingMinutes.editCurrentTemplate,現在のテンプレートを編集,Edit current template,编辑当前模板,현재 템플릿 편집,Modifier le modèle actuel,Aktuelle Vorlage bearbeiten,Editar plantilla actual
meetingMinutes.selectedTemplatePreview,選択されたテンプレートプレビュー：,Selected template preview:,已选模板预览：,선택한 템플릿 미리보기:,Aperçu du modèle sélectionné :,Vorschau der ausgewählten Vorlage:,Vista previa de la plantilla seleccionada:
meetingMinutes.items,個項目,Individual items,单个项目,개별 항목,Éléments individuels,Einzelne Elemente,Elementos individuales
meetingMinutes.editTemplate,テンプレート編集,Edit template,模板编辑,템플릿 편집,Modifier le modèle,Vorlage bearbeiten,Editar plantilla
meetingMinutes.deleteTemplate,テンプレート削除,Delete template,模板删除,템플릿 삭제,Supprimer le modèle,Vorlage löschen,Eliminar plantilla
meetingMinutes.deleteItem,この項目を削除,Delete this item,删除此项目,이 항목 삭제,Supprimer cet élément,Dieses Element löschen,Eliminar este elemento
pricing.title,料金とサブスクリプション,Pricing and Subscription,费用与订阅,요금 및 구독,Tarifs et abonnement,Preise und Abonnement,Precios y suscripción
pricing.subtitle,あなたに最適なプランを選択してください,Choose the plan that's right for you,选择适合您的计划,귀하에게 맞는 계획을 선택하세요,Choisissez le forfait qui vous convient,Wählen Sie den für Sie passenden Tarif aus.,Elige el plan que más te convenga
pricing.oneTimePurchases,時間プラン,Time Plan,时间计划,시간 계획,Forfait horaire,Zeitplan,Plan de tiempo
pricing.subscriptions,サブスクリプション,Subscription,订阅,구독,Abonnement,Abonnement,Suscripción
pricing.hours,時間,Time,时间,시간,Durée,Zeit,Tiempo
pricing.monthly,月額,Monthly,月费,월별,Mensuel,Monat,Mensual
pricing.annual,年額,Annual,年费,연간,Annuel,Jahr,Anual
pricing.selectPlan,プランを選択,Select a plan,选择计划,플랜 선택,Sélectionnez un forfait,Plan auswählen,Seleccionar un plan
pricing.paymentNotice,お支払いについて,About payment,支付方式,결제 정보,À propos du paiement,Über die Zahlung,Acerca del pago
pricing.mostPopular,人気プラン,Popular plans,热门计划,인기 플랜,Forfaits populaires,Beliebte Pläne,Planes populares
pricing.bestDeal,お得,Great value,超值,우수한 가치,Excellent rapport qualité-prix,Großes Preis-Leistungs-Verhältnis,Excelente relación calidad-precio
pricing.bestValue,コスパ最強,Best value for money,性价比最高,가장 우수한 가성비,Meilleur rapport qualité-prix,Bestes Preis-Leistungs-Verhältnis,La mejor relación calidad-precio
pricing.perHour,時間あたり,Per hour,按小时计费,시간당,À l'heure,Pro Stunde,Por hora
pricing.paymentInfo.currency,価格は日本円（¥税込）で表示されています,Prices are displayed in Japanese yen (¥ including tax),价格以日元（含税）显示,가격은 일본 엔화(¥ 포함 세금)로 표시됩니다,"Les prix sont affichés en yens japonais (¥, taxes comprises)",Die Preise werden in japanischen Yen (¥ inkl. Steuern) angezeigt.,"Los precios se muestran en yenes japoneses (¥, impuestos incluidos)"
pricing.paymentInfo.security,すべてのプランでセキュアな処理とデータプライバシーが含まれます,All plans include secure processing and data privacy,所有计划均包含安全处理和数据隐私保护,모든 플랜에는 안전한 처리 및 데이터 개인정보 보호가 포함됩니다,Tous les forfaits incluent un traitement sécurisé et la confidentialité des données,Alle Pläne umfassen eine sichere Verarbeitung und Datenschutz.,Todos los planes incluyen procesamiento seguro y privacidad de datos
pricing.paymentInfo.oneTime,時間のみを購入した場合、使用期限はなく、累積可能です,"If you purchase time only, there is no expiration date and it can be accumulated",仅购买时间时，无使用期限且可累积,시간만 구매할 경우 유효기간이 없으며 누적 가능합니다,"Si vous achetez uniquement du temps, il n'y a pas de date d'expiration et celui-ci peut être cumulé","Wenn Sie nur Zeit kaufen, gibt es kein Ablaufdatum und die Zeit kann angesammelt werden.","Si solo compra tiempo, no hay fecha de caducidad y se puede acumular"
pricing.paymentInfo.cancellation,サブスクリプションはいつでもキャンセル可能です,Subscriptions can be canceled at any time,订阅可随时取消,구독은 언제든지 취소 가능합니다,Les abonnements peuvent être résiliés à tout moment,Abonnements können jederzeit gekündigt werden.,Las suscripciones se pueden cancelar en cualquier momento
pricing.plans.5hours,5時間,5 hours,5小时,5시간,5 heures,5 Stunden,5 horas
pricing.plans.10hours,10時間,10 hours,10小时,10시간,10 heures,10 Stunden,10 horas
pricing.plans.30hours,30時間,30 hours,30小时,30시간,30 heures,30 Stunden,30 horas
pricing.plans.100hours,100時間,100 hours,100小时,100시간,100 heures,100 Stunden,100 horas
pricing.plans.monthly30,月額（30時間）,Monthly (30 hours),月费（30小时）,월별 (30시간),Mensuel (30 heures),Monatlich (30 Stunden),Mensual (30 horas)
pricing.plans.annual360,年額（360時間）,Annual (360 hours),年费（360小时）,연간 (360시간),Annuel (360 heures),Jährlich (360 Stunden),Anual (360 horas)
usage.title,使用量統計,Usage Statistics,使用量统计,사용 통계,Statistiques d'utilisation,Nutzungsstatistik,Estadísticas de uso
usage.totalQuota,総利用枠,Total Usage Limit,总使用额度,총 사용 한도,Limite d'utilisation totale,Gesamtnutzungslimit,Límite de uso total
usage.usedTime,使用時間,Usage Time,使用时间,사용 시간,Temps d'utilisation,Nutzungszeit,Tiempo de uso
usage.remainingTime,残り時間,Remaining Time,剩余时间,남은 시간,Temps restant,Verbleibende Zeit,Tiempo restante
usage.dailyUsage,日々の使用量,Daily Usage,每日使用量,일일 사용량,Utilisation quotidienne,Tägliche Nutzung,Uso diario
usage.hours,時間,Hours,小时,시간,Heures,Stunden,Horas
usage.minutes,分,Minutes,分钟,분,Minutes,Minuten,Minutos
usage.seconds,秒,Seconds,秒,초,Secondes,Sekunden,Segundos
usage.used,使用済み,Used,已使用,사용된,Utilisé,Verwendet,Usado
usage.duration,時間長,Hours,使用时长,시간,Heures,Stunden,Horas
usage.files,ファイル,Files,文件,파일,Fichiers,Dateien,Archivos
usage.noData,使用データはありません,No data used,无使用数据,사용된 데이터 없음,Aucune donnée utilisée,Keine Daten verwendet,No se han utilizado datos
usage.purchaseCTA,時間を購入 / サブスク登録,Purchase Time / Subscription Registration,购买时间 / 订阅注册,구매 시간 / 구독 등록,Achat de temps / Inscription à l'abonnement,Kaufzeit / Abonnementregistrierung,Comprar tiempo / Registrarse para una suscripción
usage.monthly,月次,Monthly,月度,월별,Mensuel,Monatlich,Mensual
usage.yearly,年次,Annual,年度,연간,Annuel,Jährlich,Anual
usage.trialNote,試用枠が優先的に使用され、その後有料枠が消費されます。,"The trial quota is used first, followed by the paid quota.",试用额度优先使用，随后消耗付费额度。,"무료 체험 한도가 먼저 사용되며, 그 다음 유료 한도가 사용됩니다.","Le quota d'essai est utilisé en premier, suivi du quota payant.","Zuerst wird das Testkontingent verwendet, danach das bezahlte Kontingent.","Primero se utiliza la cuota de prueba y, a continuación, la cuota de pago."
usage.status.guest,ゲスト,Guest,访客,게스트,Invité,Gast,Invitado
usage.status.trial,試用,Trial,试用,트라이얼,Essai,Test,Prueba
usage.status.paid,有料ユーザー,Paid User,付费用户,유료 사용자,Utilisateur payant,Bezahlter Benutzer,Usuario de pago
usage.status.subscription,サブスクリプション,Subscription,订阅,구독,Abonnement,Abonnement,Suscripción
usage.status.unknown,不明,Unknown,未知,알 수 없음,Inconnu,Unbekannt,Desconocido
usage.periods.week,過去7日間,Last 7 days,过去7天,최근 7일,7 derniers jours,Letzte 7 Tage,Últimos 7 días
usage.periods.month,過去30日間,Last 30 days,过去30天,최근 30일,30 derniers jours,Letzte 30 Tage,Últimos 30 días
usage.periods.quarter,過去90日間,Last 90 days,过去90天,최근 90일,90 derniers jours,Letzte 90 Tage,Últimos 90 días
usage.guestNotice.title,登録ユーザーは体験を確認できます,Registered users can view their trial status.,注册用户可查看体验情况,등록된 사용자는 트라이얼 상태를 확인할 수 있습니다.,Les utilisateurs enregistrés peuvent consulter leur statut d'essai.,Registrierte Benutzer können ihren Teststatus einsehen.,Los usuarios registrados pueden ver su estado de prueba.
usage.guestNotice.description,ゲストユーザーは使用量統計を確認できません。この機能をご利用いただくには登録してください。,Guest users cannot view usage statistics. Please register to use this feature.,访客用户无法查看使用量统计。如需使用此功能，请先注册。,게스트 사용자는 사용 통계 정보를 확인할 수 없습니다. 이 기능을 사용하려면 등록해 주세요.,Les utilisateurs invités ne peuvent pas consulter les statistiques d'utilisation. Veuillez vous enregistrer pour utiliser cette fonctionnalité.,"Gastbenutzer können keine Nutzungsstatistiken einsehen. Bitte registrieren Sie sich, um diese Funktion zu nutzen.",Los usuarios invitados no pueden ver las estadísticas de uso. Regístrese para utilizar esta función.
usage.guestNotice.register,今すぐ登録,Register now,立即注册,지금 등록하기,S'enregistrer maintenant,Jetzt registrieren,Regístrese
usage.loginToUnlock,ログイン後、すべての機能が解除されます,All features will be unlocked after logging in.,登录后，所有功能将解锁,로그인 후 모든 기능이 해제됩니다.,Toutes les fonctionnalités seront débloquées après la connexion.,Nach der Anmeldung werden alle Funktionen freigeschaltet.,Todas las funciones se desbloquearán después de iniciar sesión.
auth.welcomeBack,おかえりなさい,Welcome back,欢迎回来,환영합니다,Bienvenue,Willkommen zurück,Bienvenido
auth.createAccount,アカウント作成,Create an account,创建账户,계정 생성,Créer un compte,Konto erstellen,Crear una cuenta
auth.verifyEmail,メール認証,Email verification,邮件验证,이메일 확인,Vérification de l'adresse e-mail,E-Mail-Bestätigung,Verificación de correo
auth.loginSubtitle,すべての機能にアクセスするためにサインインしてください,Please sign in to access all features.,请登录以访问所有功能,모든 기능을 사용하려면 로그인해 주세요.,Veuillez vous connecter pour accéder à toutes les fonctionnalités.,"Bitte melden Sie sich an, um alle Funktionen nutzen zu können.",Inicie sesión para acceder a todas las funciones.
auth.registerSubtitle,全機能を利用するために登録してください,Please register to use all features.,请注册以使用所有功能,모든 기능을 사용하려면 등록해 주세요.,Veuillez vous enregistrer pour utiliser toutes les fonctionnalités.,"Bitte registrieren Sie sich, um alle Funktionen nutzen zu können.",Regístrese para utilizar todas las funciones.
auth.email,メールアドレス,Email address,邮箱地址,이메일 주소,Adresse e-mail,E-Mail-Adresse,Dirección de correo
auth.password,パスワード,Password,密码,비밀번호,Mot de passe,Passwort,Contrase
auth.confirmPassword,パスワード確認,Confirm password,密码确认,비밀번호 확인,Confirmer le mot de passe,Passwort,Confirmar
auth.verificationCode,認証コード,Verification code,验证码,확인 코드,Code de vérification,Bestätigungscode,Código de verificación
auth.emailPlaceholder,メールアドレスを入力してください,Please enter your email address.,请输入您的电子邮件地址,이메일 주소를 입력해 주세요.,Veuillez saisir votre adresse e-mail.,Bitte geben Sie Ihre E-Mail-Adresse ein.,Introduzca su dirección de correo electrónico.
auth.passwordPlaceholder,パスワードを入力してください,Please enter your password.,请输入您的密码,비밀번호를 입력해 주세요.,Veuillez saisir votre mot de passe.,Bitte geben Sie Ihr Passwort ein.,Introduzca su contraseña.
auth.confirmPasswordPlaceholder,パスワードを確認してください,Please confirm your password.,请确认您的密码,비밀번호를 확인해 주세요.,Veuillez confirmer votre mot de passe.,Bitte bestätigen Sie Ihr Passwort.,Confirme su contraseña.
auth.passwordHint,パスワードは6文字以上である必要があります,Passwords must be at least 6 characters long.,密码必须为6个字符或以上,비밀번호는 최소 6자 이상이어야 합니다.,Les mots de passe doivent comporter au moins 6 caractères.,Passwörter müssen mindestens 6 Zeichen lang sein.,Las contraseñas deben tener al menos 6 caracteres.
auth.login,サインイン,Sign in,登录,로그인,Se connecter,Anmelden,Iniciar sesión
auth.register,登録,Register,注册,등록,S'inscrire,Registrieren,Registrarse
auth.verify,メール認証,Email verification,邮件验证,이메일 확인,Vérification de l'adresse e-mail,E-Mail-Bestätigung,Verificación de correo electrónico
auth.continueAsGuest,ゲストとして続行,Continue as a guest,以访客身份继续,게스트로 계속하기,Continuer en tant qu'invité,Als Gast fortfahren,Continuar como invitado
auth.dividerOr,または,Or,或,또는,Ou,Oder,O
auth.noAccount,アカウントをお持ちでないですか？,Don't have an account?,您还没有账户吗？,계정이 없으신가요?,Vous n'avez pas de compte ?,Sie haben noch kein Konto?,¿No tiene una cuenta?
auth.hasAccount,すでにアカウントをお持ちですか？,Already have an account?,您已经拥有账户了吗？,이미 계정이 있으신가요?,Vous avez déjà un compte ?,Sie haben bereits ein Konto?,¿Ya tiene una cuenta?
auth.passwordMismatch,パスワードが一致しません,Passwords do not match.,密码不匹配,비밀번호가 일치하지 않습니다.,Les mots de passe ne correspondent pas.,Die Passwörter stimmen nicht überein.,Las contraseñas no coinciden.
auth.passwordTooShort,パスワードは6文字以上である必要があります,Passwords must be at least 6 characters long.,密码必须为6个字符或以上,비밀번호는 최소 6자 이상이어야 합니다.,Les mots de passe doivent comporter au moins 6 caractères.,Passwörter müssen mindestens 6 Zeichen lang sein.,Las contraseñas deben tener al menos 6 caracteres.
auth.registerSuccess,認証コードがメールに送信されました。メールボックスで確認してください。,A verification code has been sent to your email. Please check your inbox.,验证码已发送至您的邮箱。请在邮箱中确认。,인증 코드가 이메일로 전송되었습니다. 수신함을 확인해 주세요.,Un code de vérification a été envoyé à votre adresse e-mail. Veuillez vérifier votre boîte de réception.,Ein Bestätigungscode wurde an Ihre E-Mail-Adresse gesendet. Bitte überprüfen Sie Ihren Posteingang.,Se ha enviado un código de verificación a su correo electrónico. Compruebe su bandeja de entrada.
auth.verifySuccess,メール確認成功,Email verification successful,邮件验证成功,이메일 인증 성공,Vérification de l'adresse e-mail réussie,E-Mail-Bestätigung erfolgreich,Verificación de correo electrónico correcta
auth.verifyFailed,メール認証に失敗しました。再度お試しください。,Email verification failed. Please try again.,邮件验证失败。请重新尝试。,이메일 인증 실패. 다시 시도해 주세요.,Échec de la vérification de l'adresse e-mail. Veuillez réessayer.,E-Mail-Bestätigung fehlgeschlagen. Bitte versuchen Sie es erneut.,Error en la verificación del correo electrónico. Inténtelo de nuevo.
auth.genericError,エラーが発生しました。再度お試しください。,An error occurred. Please try again.,发生错误。请重新尝试。,오류가 발생했습니다. 다시 시도해 주세요.,Une erreur s'est produite. Veuillez réessayer.,Ein Fehler ist aufgetreten. Bitte versuchen Sie es erneut.,Se ha producido un error. Inténtelo de nuevo.
auth.verifyTitle,メールをご確認ください,Please check your email,请查看邮件,이메일을 확인해 주세요,Veuillez vérifier votre adresse e-mail,Bitte überprüfen Sie Ihre E-Mail,Compruebe su correo electrónico
auth.verifyDescription,{{email}}に認証コードを送信しました。以下にコードを入力してください。,An authentication code has been sent to {{email}}. Please enter the code below.,已将验证码发送至{{email}}。请在下方输入代码。,인증 코드가 {{email}}로 전송되었습니다. 아래에 코드를 입력해 주세요.,Un code d'authentification a été envoyé à {{email}}. Veuillez saisir le code ci-dessous.,Ein Authentifizierungscode wurde an {{email}} gesendet. Bitte geben Sie den Code unten ein.,Se ha enviado un código de autenticación a {{email}}. Introduzca el código a continuación.
auth.noVerificationEmail,メールが届いていませんか？,Didn't receive the email?,未收到邮件？,이메일을 받지 못하셨나요?,Vous n'avez pas reçu l'e-mail ?,Sie haben keine E-Mail erhalten?,¿No ha recibido el correo electrónico?
auth.resendVerification,コードを再送信,Resend code,重新发送代码,코드를 다시 전송하세요,Renvoyer le code,Code erneut senden,Reenviar código
auth.verificationResent,認証コードを再送信しました！,The authentication code has been resent!,已重新发送验证码！,인증 코드가 다시 전송되었습니다!,Le code d'authentification a été renvoyé !,Der Authentifizierungscode wurde erneut gesendet!,¡Se ha reenviado el código de autenticación!
auth.resendFailed,認証コードの再送信に失敗しました。再度お試しください。,Resending the authentication code failed. Please try again.,重新发送验证码失败。请重新尝试。,인증 코드 재전송에 실패했습니다. 다시 시도해 주세요.,Échec de la nouvelle tentative d'envoi du code d'authentification. Veuillez réessayer.,Das erneute Senden des Authentifizierungscodes ist fehlgeschlagen. Bitte versuchen Sie es erneut.,Error al reenviar el código de autenticación. Inténtelo de nuevo.
auth.logout,ログアウト,Logout,退出登录,로그아웃,Déconnexion,Abmelden,Cerrar
auth.verifying,メールアドレスを確認中...,Checking email address...,正在验证邮箱地址...,이메일 주소 확인 중...,Vérification de l'adresse e-mail...,E-Mail-Adresse wird überprüft...,Comprobando la dirección de correo electrónico...
auth.verifyingDescription,しばらくお待ちください。メールアドレスを確認しています。,Please wait. We are checking your email address.,请稍候。正在验证邮箱地址。,잠시만 기다려 주세요. 이메일 주소를 확인 중입니다.,Veuillez patienter. Nous vérifions votre adresse e-mail.,Bitte warten Sie. Wir überprüfen Ihre E-Mail-Adresse.,"Por favor, espere. Estamos comprobando su dirección de correo electrónico."
auth.verifyError,メール確認失敗,Email verification failed,邮箱验证失败,이메일 인증에 실패했습니다,Échec de la vérification de l'adresse e-mail.,E-Mail-Bestätigung fehlgeschlagen,Verificación de correo electrónico fallida
auth.backToLogin,ログインに戻る,Return to login,返回登录页面,로그인 화면으로 돌아가기,Retour à la connexion.,Zurück zur Anmeldung,Volver al inicio de sesión
auth.forgotPassword,パスワードを忘れましたか？,Forgot your password?,忘记密码？,비밀번호를 잊으셨나요?,Mot de passe oublié ?,Passwort vergessen?,¿Ha olvidado su contraseña?
auth.resetPasswordTitle,パスワードリセット,Reset Password,密码重置,비밀번호 재설정,Réinitialiser le mot de passe.,Passwort zurücksetzen,Restablecer contraseña
auth.resetPasswordSubtitle,メールアドレスを入力してください。リセット認証コードを送信します,Enter your email address. We will send you a reset verification code.,请输入邮箱地址。我们将发送重置验证码,이메일 주소를 입력하세요. 비밀번호 재설정 확인 코드를 보내드리겠습니다.,Saisissez votre adresse e-mail. Nous vous enverrons un code de vérification pour la réinitialisation.,Geben Sie Ihre E-Mail-Adresse ein. Wir senden Ihnen einen Code zur Zurücksetzung.,Introduzca su dirección de correo electrónico. Le enviaremos un código de verificación para restablecerla.
auth.resetPasswordDescription,{{email}} にリセット認証コードを送信しました。認証コードを入力して新しいパスワードを設定してください。,We have sent a reset verification code to {{email}}. Enter the verification code and set a new password.,已向{{email}}发送重置验证码。请输入验证码并设置新密码。,{{email}}로 비밀번호 재설정 확인 코드를 보내드렸습니다. 확인 코드를 입력하고 새로운 비밀번호를 설정하세요.,Nous avons envoyé un code de vérification de réinitialisation à {{email}}. Saisissez le code de vérification et définissez un nouveau mot de passe.,Wir haben einen Code zur Zurücksetzung an {{email}} gesendet. Geben Sie den Code ein und legen Sie ein neues Passwort fest.,Hemos enviado un código de verificación de restablecimiento a {{email}}. Introduzca el código de verificación y establezca una nueva contraseña.
auth.sendResetCode,リセットコードを送信,Send Reset Code,发送重置码,재설정 코드 보내기,Envoyer le code de réinitialisation,Code senden,Enviar código de restablecimiento
auth.resetCodeSent,リセット認証コードをメールアドレスに送信しました,We have sent a reset verification code to your email address.,已向邮箱地址发送重置验证码,이메일 주소로 비밀번호 재설정 확인 코드를 보내드렸습니다.,Nous avons envoyé un code de vérification de réinitialisation à votre adresse e-mail.,Wir haben einen Code zur Zurücksetzung an Ihre E-Mail-Adresse gesendet.,Hemos enviado un código de verificación de restablecimiento a su dirección de correo electrónico.
auth.resetCodeSendFailed,リセット認証コードの送信に失敗しました。再試行してください,Failed to send reset verification code. Please try again.,重置验证码发送失败。请重新尝试,재설정 확인 코드 전송에 실패했습니다. 다시 시도해 주세요.,Échec de l'envoi du code de vérification de réinitialisation. Veuillez réessayer.,Der Code zur Zurücksetzung konnte nicht gesendet werden. Bitte versuchen Sie es erneut.,No se ha podido enviar el código de verificación de restablecimiento. Inténtelo de nuevo.
auth.newPassword,新しいパスワード,New Password,新密码,새로운 비밀번호,Nouveau mot de passe,Neues,Nueva contraseña
auth.confirmNewPassword,新しいパスワードを確認,Confirm New Password,确认新密码,새로운 비밀번호 확인,Confirmer le nouveau mot de passe,Bestätigen,Confirmar nueva contraseña
auth.newPasswordPlaceholder,新しいパスワードを入力してください,Enter your new password.,请输入新密码,새로운 비밀번호를 입력하세요.,Entrez votre nouveau mot de passe.,Geben Sie Ihr neues Passwort ein.,Introduzca su nueva contraseña.
auth.resetPassword,パスワードリセット,Reset Password,密码重置,비밀번호 재설정,Réinitialisation du mot de passe,Passwort,Restablecer contraseña
auth.resetSuccess,パスワードリセットが成功しました。新しいパスワードでログインしてください,Password reset successful. Please log in with your new password.,密码重置成功。请使用新密码登录,비밀번호 재설정이 성공적으로 완료되었습니다. 새로운 비밀번호로 로그인해 주세요.,Réinitialisation du mot de passe réussie. Veuillez vous connecter avec votre nouveau mot de passe.,Passwort zurücksetzen erfolgreich. Bitte melden Sie sich mit Ihrem neuen Passwort an.,Restablecimiento de contraseña correcto. Inicie sesión con su nueva contraseña.
auth.resetFailed,パスワードリセットに失敗しました。再試行してください,Password reset failed. Please try again.,密码重置失败。请重新尝试,비밀번호 재설정이 실패했습니다. 다시 시도해 주세요.,Échec de la réinitialisation du mot de passe. Veuillez réessayer.,Passwort zurücksetzen fehlgeschlagen. Bitte versuchen Sie es erneut.,Restablecimiento de contraseña fallido. Inténtelo de nuevo.
auth.guestSimpleNotice,ゲストモードでは一部の機能が制限されます。完全な機能を体験するにはログインしてください。,Some features are restricted in guest mode. Please log in to experience full functionality.,在访客模式下，部分功能将受限。如需体验完整功能，请登录。,게스트 모드에서는 일부 기능이 제한됩니다. 전체 기능을 경험하려면 로그인해 주세요.,Certaines fonctionnalités sont limitées en mode invité. Veuillez vous connecter pour profiter de toutes les fonctionnalités.,"Einige Funktionen sind im Gastmodus eingeschränkt. Bitte melden Sie sich an, um alle Funktionen nutzen zu können.",Algunas funciones están restringidas en el modo invitado. Inicie sesión para disfrutar de todas las funciones.
auth.guestLimitations.title,ゲストユーザーの制限：,Guest user restrictions:,访客用户限制：,게스트 사용자 제한 사항:,Restrictions pour les utilisateurs invités :,Einschränkungen für Gastbenutzer:,Restricciones para usuarios invitados:
auth.guestLimitations.timeLimit,• 録音時間は5分間に制限されます,• Recording time is limited to 5 minutes.,• 录音时间限制为5分钟,• 녹음 시간은 5분으로 제한됩니다.,• La durée d'enregistrement est limitée à 5 minutes.,• Die Aufnahmedauer ist auf 5 Minuten begrenzt.,• El tiempo de grabación está limitado a 5 minutos.
auth.guestLimitations.noUpload,• 音声ファイルをアップロードできません,• You cannot upload audio files.,• 无法上传音频文件,• 오디오 파일을 업로드할 수 없습니다.,• Vous ne pouvez pas télécharger de fichiers audio.,• Sie können keine Audiodateien hochladen.,• No se pueden cargar archivos de audio.
auth.guestLimitations.noCopy,• 文字起こしテキストをコピーできません,• You cannot copy transcription text.,• 无法复制文字转录文本,• 전사 텍스트를 복사할 수 없습니다.,• Vous ne pouvez pas copier le texte de la transcription.,• Sie können Transkriptionstexte nicht kopieren.,• No se puede copiar el texto de la transcripción.
auth.guestLimitations.noExport,• Wordにエクスポートできません,• You cannot export to Word.,• 无法导出至Word,• Word로 내보낼 수 없습니다.,• Vous ne pouvez pas exporter vers Word.,• Sie können nicht nach Word exportieren.,• No se puede exportar a Word.
auth.guestLimitations.noUsageStats,• 使用量統計を確認できません,• Usage statistics cannot be viewed,• 无法查看使用量统计,• 사용 통계 정보를 확인할 수 없습니다.,• Les statistiques d'utilisation ne peuvent pas être consultées.,• Nutzungsstatistiken können nicht angezeigt werden.,• No se pueden ver las estadísticas de uso.
adminPanel.title,管理者パネル,Administrator Panel,管理员面板,관리자 패널,Panneau d'administration,Administrator-Panel,Panel de administrador
adminPanel.subtitle,テストパネルにアクセスするには管理者パスワードを入力してください,Enter the administrator password to access the test panel,访问测试面板需输入管理员密码,테스트 패널에 액세스하려면 관리자 비밀번호를 입력해 주세요.,Entrez le mot de passe administrateur pour accéder au panneau de test.,"Geben Sie das Administrator-Passwort ein, um auf das Test-Panel zuzugreifen.",Introduzca la contraseña de administrador para acceder al panel de prueba
adminPanel.passwordPlaceholder,管理者パスワードを入力してください,Enter the administrator password,请输入管理员密码,관리자 비밀번호를 입력하세요,Entrez le mot de passe administrateur.,Geben Sie das Administrator-Passwort ein.,Introduzca la contraseña de administrador
adminPanel.loginButton,管理者パネルにログイン,Log in to the administrator panel,登录管理员面板,관리자 패널에 로그인하세요,Connectez-vous au panneau d'administration.,Melden Sie sich beim Administrator-Panel an.,Inicie sesión en el panel de administrador
adminPanel.passwordError,パスワードが間違っています。再試行してください,The password is incorrect. Please try again,密码错误。请重新尝试,비밀번호가 잘못되었습니다. 다시 시도해 주세요,Le mot de passe est incorrect. Veuillez réessayer.,Das Passwort ist falsch. Bitte versuchen Sie es erneut.,La contraseña es incorrecta. Inténtelo de nuevo
adminPanel.passwordHint,ヒント：デフォルトパスワードは,Hint: The default password is,提示：默认密码是,힌트: 기본 비밀번호는,Indice : le mot de passe par défaut est,Hinweis: Das Standardpasswort lautet,Sugerencia: la contraseña predeterminada es
adminPanel.testPanelTitle,管理者テストパネル,Administrator Test Panel,管理员测试面板,관리자 테스트 패널,Panneau de test administrateur,Administrator-Test-Panel,Panel de prueba del administrador
adminPanel.testPanelSubtitle,異なるユーザーアイデンティティとシナリオをシミュレートして機能テストを行う,Simulate different user identities and scenarios to perform functional testing,模拟不同用户身份和场景进行功能测试,다양한 사용자 신원과 시나리오를 시뮬레이션하여 기능 테스트를 수행합니다,Simulez différentes identités d'utilisateurs et différents scénarios pour effectuer des tests fonctionnels.,"Simulieren Sie verschiedene Benutzeridentitäten und Szenarien, um Funktionstests durchzuführen.",Simule diferentes identidades de usuario y escenarios para realizar pruebas funcionales
adminPanel.userSwitch,ユーザーアイデンティティ切り替え,User Identity Switch,用户身份切换,사용자 신원 전환,Changement d'identité utilisateur,Benutzeridentitätswechsel,Cambio de identidad de usuario
adminPanel.guestMode,ゲストモード,Guest Mode,访客模式,게스트 모드,Mode invité,Gastmodus,Modo invitado
adminPanel.currentUserStatus,現在のテストユーザーステータス,Current Test User Status,当前测试用户状态,현재 테스트 사용자 상태,Statut actuel de l'utilisateur test,Aktueller Testbenutzerstatus,Estado actual del usuario de prueba
adminPanel.userType,ユーザータイプ,User Type,用户类型,사용자 유형,Type d'utilisateur,Benutzertyp,Tipo de usuario
adminPanel.email,メールアドレス,Email Address,电子邮件地址,이메일 주소,Adresse e-mail,E-Mail,Dirección de correo electrónico
adminPanel.quota,クォータ,Quota,配额,할당량,Quota,Kontingent,Cuota
adminPanel.used,使用済み,Used,已使用,사용량,Utilisé,Verwendet,Usada
adminPanel.remaining,残り,Remaining,剩余,잔여량,Restant,Verbleibend,Restante
adminPanel.plan,プラン,Plan,计划,플랜,Forfait,Plan,Plan
adminPanel.usageSimulation,使用量シミュレーション,Usage simulation,使用量模拟,사용량 시뮬레이션,Simulation d'utilisation,Nutzungssimulation,Simulación de uso
adminPanel.resetUsage,使用量をリセット,Reset usage,重置使用量,사용량 초기화,Réinitialiser l'utilisation,Nutzung zurücksetzen,Restablecer uso
adminPanel.purchaseSimulation,時間購入/サブスクリプションシミュレーション,Time purchase/subscription simulation,时间购买/订阅模拟,시간 구매/구독 시뮬레이션,Simulation d'achat/d'abonnement,Zeitkauf-/Abonnement-Simulation,Simulación de compra/suscripción de tiempo
adminPanel.purchaseDuration,時間を購入,Purchase time,购买时间,구매 시간,Heure d'achat,Kaufzeit,Tiempo de compra
adminPanel.subscription,サブスクリプションサービス,Subscription service,订阅服务,구독 서비스,Service d'abonnement,Abonnementdienst,Servicio de suscripción
adminPanel.scenarioSimulation,シナリオシミュレーション,Scenario simulation,场景模拟,시나리오 시뮬레이션,Simulation de scénario,Szenariosimulation,Simulación de escenario
adminPanel.networkSimulation,ネットワークシミュレーション,Network simulation,网络模拟,네트워크 시뮬레이션,Simulation de réseau,Netzwerksimulation,Simulación de red
adminPanel.normalNetwork,通常のネットワーク,Normal network,正常网络,정상 네트워크,Réseau normal,Normales Netzwerk,Red normal
adminPanel.slowNetwork,低速ネットワーク,Slow network,低速网络,느린 네트워크,Réseau lent,Langsames Netzwerk,Red lenta
adminPanel.quotaExceeded,クォータ超過,Quota exceeded,配额超限,쿼터 초과,Quota dépassé,Kontingent überschritten,Cuota excedida
adminPanel.testFileUpload,ファイルアップロードテスト,File upload test,文件上传测试,파일 업로드 테스트,Test de téléchargement de fichiers,Datei-Upload-Test,Prueba de carga de archivos
adminPanel.fileSelected,選択済み,Selected,已选中,선택됨,Sélectionné,Ausgewählt,Seleccionado
adminPanel.audioSimulation,音声文字起こし機能シミュレーション,Voice transcription function simulation,语音转文字功能模拟,음성 전사 기능 시뮬레이션,Simulation de la fonction de transcription vocale,Sprach-Transkriptionsfunktion-Simulation,Simulación de la función de transcripción de voz
adminPanel.recordingSimulation,リアルタイム録音シミュレーション,Real-time recording simulation,实时录音模拟,실시간 녹음 시뮬레이션,Simulation d'enregistrement en temps réel,Echtzeit-Aufzeichnungssimulation,Simulación de grabación en tiempo real
adminPanel.fileUploadSimulation,ファイルアップロードシミュレーション,File upload simulation,文件上传模拟,파일 업로드 시뮬레이션,Simulation de téléchargement de fichiers,Datei-Upload-Simulation,Simulación de carga de archivos
adminPanel.transcriptionSimulation,文字起こし結果シミュレーション,Transcription results simulation,转文字结果模拟,전사 결과 시뮬레이션,Simulation des résultats de transcription,Transkriptionsergebnis-Simulation,Simulación de resultados de transcripción
adminPanel.permissionTest,機能権限テスト,Function permission test,功能权限测试,기능 권한 테스트,Test des autorisations de fonction,Funktionsberechtigungstest,Prueba de permisos de funciones
adminPanel.quickNavigation,クイックナビゲーション,Quick navigation,快速导航,빠른 탐색,Navigation rapide,Schnellnavigation,Navegación rápida
adminPanel.systemInfo,システム情報,System information,系统信息,시스템 정보,Informations système,Systeminformationen,Información del sistema
adminPanel.simulationMode,シミュレーションモード,Simulation mode,模拟模式,시뮬레이션 모드,Mode simulation,Simulationsmodus,Modo de simulación
adminPanel.localStorage,ローカルストレージ,Local storage,本地存储,로컬 저장소,Stockage local,Lokaler Speicher,Almacenamiento local
adminPanel.clearAllData,すべてのデータをクリア,Clear all data,清除所有数据,모든 데이터 삭제,Effacer toutes les données,Alle Daten löschen,Borrar todos los datos
adminPanel.consoleLog,コンソールログ,Console log,控制台日志,콘솔 로그,Journal de la console,Konsolenprotokoll,Registro de la consola
adminPanel.checkBrowserDevTools,ブラウザの開発者ツールをご確認ください,Please check your browser's developer tools,请查看浏览器开发者工具,브라우저의 개발자 도구를 확인해 주세요,Veuillez vérifier les outils de développement de votre navigateur,Bitte überprüfen Sie die Entwicklertools Ihres Browsers,Compruebe las herramientas de desarrollador de su navegador
adminPanel.selectTestUser,まずテストユーザーを選択してください,"First, select a test user",请先选择测试用户,먼저 테스트 사용자를 선택하세요,Commencez par sélectionner un utilisateur test,Wählen Sie zunächst einen Testbenutzer aus,"Primero, seleccione un usuario de prueba"
adminPanel.guestRecordingLimit,ゲストユーザーは5分以上録音できません,Guest users cannot record for more than 5 minutes.,访客用户无法录音超过5分钟,게스트 사용자는 5분 이상 녹화할 수 없습니다.,Les utilisateurs invités ne peuvent pas enregistrer pendant plus de 5 minutes.,Gastbenutzer können nicht länger als 5 Minuten aufzeichnen.,Los usuarios invitados no pueden grabar durante más de 5 minutos.
adminPanel.quotaInsufficient,クォータ不足！残り{{remaining}}分、{{required}}分必要,"Quota insufficient! {{remaining}} minutes remaining, {{required}} minutes required.",配额不足！剩余{{remaining}}分钟，需{{required}}分钟,"쿼타 부족! {{remaining}} 분 남아 있으며, {{required}} 분이 필요합니다.","Quota insuffisant ! {{remaining}} minutes restantes, {{required}} minutes requises.","Kontingent nicht ausreichend! {{remaining}} Minuten verbleibend, {{required}} Minuten erforderlich.","¡Cuota insuficiente! {{remaining}} minutos restantes, {{required}} minutos necesarios."
adminPanel.guestCannotUpload,ゲストユーザーはファイルをアップロードできません。リアルタイム録音機能をご利用ください,Guest users cannot upload files. Please use the real-time recording feature.,访客用户无法上传文件。请使用实时录音功能,게스트 사용자는 파일을 업로드할 수 없습니다. 실시간 녹화 기능을 사용해 주세요.,Les utilisateurs invités ne peuvent pas télécharger de fichiers. Veuillez utiliser la fonctionnalité d'enregistrement en temps réel.,Gastbenutzer können keine Dateien hochladen. Bitte verwenden Sie die Echtzeit-Aufnahmefunktion.,Los usuarios invitados no pueden cargar archivos. Utilice la función de grabación en tiempo real.
adminPanel.recordingComplete,録音シミュレーション完了！{{minutes}}分使用、残りクォータ：{{remaining}}分,"Recording simulation complete! {{minutes}} minutes used, remaining quota: {{remaining}} minutes.",录音模拟完成！使用{{minutes}}分钟，剩余配额：{{remaining}}分钟,"녹화 시뮬레이션 완료! {{minutes}} 분 사용, 남은 쿼타: {{remaining}} 분.","Simulation d'enregistrement terminée ! {{minutes}} minutes utilisées, quota restant : {{remaining}} minutes.","Aufnahmesimulation abgeschlossen! {{minutes}} Minuten verwendet, verbleibende Quote: {{remaining}} Minuten.","¡Simulación de grabación completada! {{minutes}} minutos utilizados, cuota restante: {{remaining}} minutos."
adminPanel.uploadComplete,ファイルアップロードシミュレーション完了！{{filename}}処理済み、{{minutes}}分使用,"File upload simulation complete! {{filename}} processed, {{minutes}} minutes used.",文件上传模拟完成！已处理{{filename}}，使用{{minutes}}分钟,"파일 업로드 시뮬레이션 완료! {{filename}} 처리됨, {{minutes}} 분 사용됨.","Simulation de téléchargement de fichier terminée ! {{filename}} traité, {{minutes}} minutes utilisées.","Datei-Upload-Simulation abgeschlossen! {{filename}} verarbeitet, {{minutes}} Minuten verwendet.","¡Simulación de carga de archivo completada! {{filename}} procesado, {{minutes}} minutos utilizados."
myPage.title,マイページ,My Page,我的页面,내 페이지,Ma page,Meine Seite,Mi página
myPage.userInfo,ユーザー情報,User Information,用户信息,사용자 정보,Informations utilisateur,Benutzerinformationen,Información del usuario
myPage.email,メールアドレス,Email Address,电子邮件地址,이메일 주소,Adresse e-mail,E-Mail-Adresse,Dirección de correo electrónico
myPage.userType,ユーザータイプ,User Type,用户类型,사용자 유형,Type d'utilisateur,Benutzertyp,Tipo de usuario
myPage.memberSince,登録日,Registration Date,注册日期,등록 날짜,Date d'inscription,Registrierungsdatum,Fecha de registro
myPage.goToUsage,使用量統計,Usage Statistics,使用量统计,사용 통계,Statistiques d'utilisation,Nutzungsstatistik,Estadísticas de uso
myPage.goToPricing,時間購入,Time Purchase,时间购买,시간 구매,Durée d'achat,Zeit Kauf,Tiempo de compra
myPage.changePassword,パスワード変更,Password Change,密码更改,비밀번호 변경,Modification du mot de passe,Passwort ändern,Cambio de contraseña
myPage.paymentHistory,支払い履歴,Payment History,支付历史,결제 내역,Historique des paiements,Zahlungshistorie,Historial de pagos
myPage.noPaymentRecords,支払い履歴はありません,No payment history,没有支付历史,결제 내역 없음,Aucun historique de paiement,Keine Zahlungshistorie,Sin historial de pagos
myPage.cancelSubscriptionNote,サブスクリプションプランをご購入いただくと、こちらで自動更新を解約できます,"If you purchase a subscription plan, you can cancel the auto-renewal here",购买订阅计划后，可在此取消自动续订,구독 계획을 구매하시면 여기에서 자동 갱신 취소 가능합니다,"Si vous achetez un abonnement, vous pouvez annuler le renouvellement automatique ici","Wenn Sie ein Abonnement erwerben, können Sie die automatische Verlängerung hier kündigen.","Si adquiere un plan de suscripción, puede cancelar la renovación automática aquí"
myPage.noActiveSubscription,有効なサブスクリプションがありません,No valid subscription,没有有效的订阅,유효한 구독 계획 없음,Abonnement non valide,Kein gültiges Abonnement,Sin suscripción válida
myPage.timePlan,時間プラン,Time Plan,时间计划,시간 계획,Durée,Zeitplan,Plan de tiempo
myPage.subscription,サブスクリプション,Subscription,订阅,구독,Abonnement,Abonnement,Suscripción
myPage.cancelSubscription,サブスクリプション解約,Subscription Cancellation,订阅取消,구독 취소,Annulation de l'abonnement,Abonnement kündigen,Cancelación de la suscripción
myPage.onlySubscriptionCanCancel,サブスクリプションプランのみ解約できます,Only subscription plans can be canceled,仅可取消订阅计划,구독 계획만 취소 가능합니다,Seuls les abonnements peuvent être annulés,Nur Abonnements können gekündigt werden.,Solo se pueden cancelar los planes de suscripción
myPage.subscriptionAlreadyCancelled,サブスクリプションは既に解約済みまたは期限切れです,The subscription has already been canceled or has expired,订阅已取消或已过期,구독은 이미 취소되었거나 만료되었습니다,L'abonnement a déjà été annulé ou a expiré,Das Abonnement wurde bereits gekündigt oder ist abgelaufen,La suscripción ya ha sido cancelada o ha caducado
myPage.cancelSubscriptionConfirm,サブスクリプションを解約してもよろしいですか？{{details}},Are you sure you want to cancel your subscription? {{details}},您确定要取消订阅吗？{{details}},구독을 취소하시겠습니까? {{details}},Êtes-vous sûr de vouloir annuler votre abonnement ? {{details}},Möchten Sie Ihr Abonnement wirklich kündigen? {{details}},¿Está seguro de que desea cancelar su suscripción? {{details}}
myPage.cancelSubscriptionDetails,\n\n注意事項：\n• 解約後は自動更新が停止されます\n• 現在の契約期間中はサービスをご利用いただけます\n• 期限切れ後はサブスクリプション機能が利用できなくなります,\n\nImportant notes:\n• Automatic renewal will be stopped after cancellation\n• You can continue to use the service during the current contract period\n• Subscription features will no longer be available after the expiration date,\n\n注意事项：\n• 取消后自动续订将停止\n• 在当前合同期间内仍可使用服务\n• 过期后将无法使用订阅功能,\n\n중요 사항:\n• 취소 후 자동 갱신은 중단됩니다\n• 현재 계약 기간 동안 서비스를 계속 사용할 수 있습니다\n• 만료일 이후에는 구독 기능이 더 이상 사용 불가능합니다,\n\nRemarques importantes :\n• Le renouvellement automatique sera interrompu après l'annulation\n• Vous pouvez continuer à utiliser le service pendant la période contractuelle en cours\n• Les fonctionnalités de l'abonnement ne seront plus disponibles après la date d'expiration,\n\nWichtige Hinweise:\n• Die automatische Verlängerung wird nach der Kündigung eingestellt\n• Sie können den Dienst während der laufenden Vertragslaufzeit weiterhin nutzen\n• Nach Ablauf des Abonnements stehen Ihnen die Funktionen des Abonnements nicht mehr zur Verfügung,\n\nNotas importantes:\n• La renovación automática se detendrá tras la cancelación\n• Podrá seguir utilizando el servicio durante el periodo contractual actual\n• Las funciones de la suscripción dejarán de estar disponibles tras la fecha de caducidad
myPage.subscriptionCancelSuccess,サブスクリプションを解約しました。自動更新が停止されました,Subscription canceled. Automatic renewal has been stopped,已取消订阅。自动续订已停止,구독이 취소되었습니다. 자동 갱신이 중단되었습니다,Abonnement annulé. Le renouvellement automatique a été interrompu,Abonnement gekündigt. Die automatische Verlängerung wurde eingestellt,Suscripción cancelada. Se ha detenido la renovación automática
myPage.subscriptionCancelError,サブスクリプション解約に失敗しました。しばらくしてから再試行してください,Subscription cancellation failed. Please try again later,订阅取消失败。请稍后再试,구독 취소에 실패했습니다. 나중에 다시 시도해 주세요,Échec de l'annulation de l'abonnement. Veuillez réessayer plus tard,Abonnementkündigung fehlgeschlagen. Bitte versuchen Sie es später erneut,Error al cancelar la suscripción. Inténtelo de nuevo más tarde
myPage.currentPassword,現在のパスワード,Current password,当前密码,현재 비밀번호,Mot de passe actuel,Aktuelles Passwort,Contraseña actual
myPage.newPassword,新しいパスワード,New password,新密码,새 비밀번호,Nouveau mot de passe,Neues Passwort,Nueva contraseña
myPage.confirmPassword,パスワード確認,Confirm password,密码确认,비밀번호 확인,Confirmez le mot de passe,Passwort,Confirmar contraseña
myPage.passwordMismatch,パスワードが一致しません,Passwords do not match,密码不匹配,비밀번호가 일치하지 않습니다,Les mots de passe ne correspondent pas,Passwörter stimmen nicht überein,Las contraseñas no coinciden
myPage.passwordChangeSuccess,パスワード変更成功,Password change successful,密码更改成功,비밀번호 변경 성공,Changement de mot de passe réussi,Passwortänderung erfolgreich,Cambio de contraseña correcto
myPage.passwordChangeError,パスワード変更失敗,Password change failed,密码更改失败,비밀번호 변경 실패,Changement de mot de passe échoué,Passwortänderung fehlgeschlagen,Error al cambiar la contraseña
myPage.loginToUnlock,アカウントにアクセスするにはログインしてください,Please log in to access your account,请登录以访问账户,계정에 액세스하려면 로그인해 주세요,Veuillez vous connecter pour accéder à votre compte,"Bitte melden Sie sich an, um auf Ihr Konto zuzugreifen.",Inicie sesión para acceder a su cuenta
myPage.user,ユーザー,User,用户,사용자,Utilisateur,Benutzer,Usuario
myPage.userTypes.guest,ゲストユーザー,Guest user,访客用户,게스트 사용자,Utilisateur invité,Gastbenutzer,Usuario invitado
myPage.userTypes.trial,試用ユーザー,Trial user,试用用户,트라이얼 사용자,Utilisateur d'essai,Testbenutzer,Usuario de prueba
myPage.userTypes.paid,有料ユーザー,Paid user,付费用户,유료 사용자,Utilisateur payant,Bezahlender Benutzer,Usuario de pago
myPage.userTypes.subscription,サブスクリプションユーザー,Subscription user,订阅用户,구독 사용자,Utilisateur abonné,Abonnent,Usuario con suscripción
myPage.userTypes.admin,管理者,Administrator,管理员,관리자,Administrateur,Administrator,Administrador
myPage.userTypes.unknown,不明,Unknown,未知,알 수 없음,Inconnu,Unbekannt,Desconocido
myPage.status.active,有効,Active,有效,활성,Actif,Aktiv,Activo
myPage.status.cancelled,キャンセル済み,Cancelled,已取消,취소됨,Annulé,Gekündigt,Cancelado
myPage.status.expired,期限切れ,Expired,过期,만료됨,Expiration,Abgelaufen,Caducado
myPage.subscriptionExpiry.continuesUntil,{{date}}まで継続,Valid until {{date}},有效期至{{date}},{{date}}까지 유효,Valide jusqu'au {{date}},Gültig bis {{date}},Válido hasta {{fecha}}
myPage.subscriptionExpiry.autoRenewalIn,あと{{days}}日で自動更新,Automatic renewal in {{days}} days,剩余{{days}}天自动续订,{{days}}일 후에 자동 갱신,Renouvellement automatique dans {{days}} jours,Automatische Verlängerung in {{days}} Tagen,Renovación automática en {{días}} días
myPage.subscriptionExpiry.validUntil,{{date}}まで有効,Valid until {{date}},有效期至{{date}},{{date}}까지 유효,Valide jusqu'au {{date}},Gültig bis {{date}},Válido hasta {{fecha}}
footer.copyright,voice2minutes {{year}} all rights reserved,voice2minutes {{year}} all rights reserved,voice2minutes {{year}} all rights reserved,voice2minutes {{year}} all rights reserved,voice2minutes {{year}} all rights reserved,voice2minutes {{year}} all rights reserved,voice2minutes {{year}} all rights reserved